Dec,Char,QUAT CODE,QUAT NUCLEOTIDES
0,NUL,10,GT
1,SOH,11,GA
2,STX,12,GC
3,ETX,13,GCC
4,EOT,20,TA
5,ENQ,21,TC
6,ACK,22,TG
7,BEL,23,TCG
8,BS,30,GGT
9,HT,31,GGA
10,LF,32,GGC
11,VT,33,GGCC
12,FF,030,CTTA
13,CR,031,CTTC
14,SO,032,CTTG
15,SI,033,CTTCG
16,DLE,0110,CTCG
17,DC1,0111,CTCT
18,DC2,0112,CTCA
19,DC3,0113,CTCTT
20,DC4,0120,CTGT
21,NAK,0121,CTGA
22,SYN,0122,CTGC
23,ETB,0123,CTGCC
24,CAN,0130,CTCGT
25,EM,0131,CTCGA
26,SUB,0132,CTCGC
27,ESC,0133,CTCGCC
28,FS,01010,CTAGT
29,GS,01011,CTAGA
30,RS,01012,CTAGC
31,US,01013,CTAGCC
32,space,01020,CTATA
33,!,01021,CTATC
34,"""",01022,CTATG
35,#,01023,CTATCG
36,$,01030,CTAGGT
37,%,01031,CTAGGA
38,&,01032,CTAGGC
39,',01033,CTAGGCC
40,(,010000,CTACGT
41,),010001,CTACGA
42,*,010002,CTACGC
43,+,010003,CTACGCC
44,",",010010,CTACTA
45,-,010011,CTACTC
46,.,010012,CTACTG
47,/,010013,CTACTCG
48,0,010020,CTACAC
49,1,010021,CTACAG
50,2,010022,CTACAT
51,3,010023,CTACAGG
52,4,010030,CTACTTA
53,5,010031,CTACTTC
54,6,010032,CTACTTG
55,7,010033,CTACTTCG
56,8,0210,CAGT
57,9,0211,CAGA
58,:,0212,CAGC
59,;,0213,CAGCC
60,<,0220,CATA
61,=,0221,CATC
62,>,0222,CATG
63,?,0223,CATCG
64,@,0230,CAGGT
65,A,0231,CAGGA
66,B,0232,CAGGC
67,C,0233,CAGGCC
68,D,02010,CACTA
69,E,02011,CACTC
70,F,02012,CACTG
71,G,02013,CACTCG
72,H,02020,CACAC
73,I,02021,CACAG
74,J,02022,CACAT
75,K,02023,CACAGG
76,L,02030,CACTTA
77,M,02031,CACTTC
78,N,02032,CACTTG
79,O,02033,CACTTCG
80,P,020000,CACGTA
81,Q,020001,CACGTC
82,R,020002,CACGTG
83,S,020003,CACGTCG
84,T,020010,CACGAC
85,U,020011,CACGAG
86,V,020012,CACGAT
87,W,020013,CACGAGG
88,X,020020,CACGCG
89,Y,020021,CACGCT
90,Z,020022,CACGCA
91,[,020023,CACGCTT
92,\,020030,CACGCCG
93,],020031,CACGCCT
94,^,020032,CACGCCA
95,_,020033,CACGCCTT
96,`,00010,CGTCG
97,a,00011,CGTCT
98,b,00012,CGTCA
99,c,00013,CGTCTT
100,d,00020,CGTGT
101,e,00021,CGTGA
102,f,00022,CGTGC
103,g,00023,CGTGCC
104,h,00030,CGTCGT
105,i,00031,CGTCGA
106,j,00032,CGTCGC
107,k,00033,CGTCGCC
108,l,000010,CGTAGT
109,m,000011,CGTAGA
110,n,000012,CGTAGC
111,o,000013,CGTAGCC
112,p,000020,CGTATA
113,q,000021,CGTATC
114,r,000022,CGTATG
115,s,000023,CGTATCG
116,t,000030,CGTAGGT
117,u,000031,CGTAGGA
118,v,000032,CGTAGGC
119,w,000033,CGTAGGCC
120,x,0000000,CGTACGT
121,y,0000001,CGTACGA
122,z,0000002,CGTACGC
123,{,0000003,CGTACGCC
124,|,0000010,CGTACTA
125,},0000011,CGTACTC
126,~,0000012,CGTACTG
127,DEL,0000013,CGTACTCG
128,Ç,0000020,CGTACAC
129,ü,0000021,CGTACAG
130,é,0000022,CGTACAT
131,â,0000023,CGTACAGG
132,ä,0000030,CGTACTTA
133,à,0000031,CGTACTTC
134,å,0000032,CGTACTTG
135,ç,0000033,CGTACTTCG
136,ê,00110,CGAGT
137,ë,00111,CGAGA
138,è,00112,CGAGC
139,ï,00113,CGAGCC
140,î,00120,CGATA
141,ì,00121,CGATC
142,Ä,00122,CGATG
143,Å,00123,CGATCG
144,É,00130,CGAGGT
145,æ,00131,CGAGGA
146,Æ,00132,CGAGGC
147,ô,00133,CGAGGCC
148,ö,001010,CGACTA
149,ò,001011,CGACTC
150,û,001012,CGACTG
151,ù,001013,CGACTCG
152,ÿ,001020,CGACAC
153,Ö,001021,CGACAG
154,Ü,001022,CGACAT
155,¢,001023,CGACAGG
156,£,001030,CGACTTA
157,¥,001031,CGACTTC
158,?,001032,CGACTTG
159,ƒ,001033,CGACTTCG
160,á,0010000,CGACGTA
161,í,0010001,CGACGTC
162,ó,0010002,CGACGTG
163,ú,0010003,CGACGTCG
164,ñ,0010010,CGACGAC
165,Ñ,0010011,CGACGAG
166,ª,0010012,CGACGAT
167,º,0010013,CGACGAGG
168,¿,0010020,CGACGCG
169,?,0010021,CGACGCT
170,¬,0010022,CGACGCA
171,½,0010023,CGACGCTT
172,¼,0010030,CGACGCCG
173,¡,0010031,CGACGCCT
174,«,0010032,CGACGCCA
175,»,0010033,CGACGCCTT
176,?,00210,CGCTA
177,?,00211,CGCTC
178,?,00212,CGCTG
179,?,00213,CGCTCG
180,?,00220,CGCAC
181,?,00221,CGCAG
182,?,00222,CGCAT
183,?,00223,CGCAGG
184,?,00230,CGCTTA
185,?,00231,CGCTTC
186,?,00232,CGCTTG
187,?,00233,CGCTTCG
188,?,002010,CGCGAC
189,?,002011,CGCGAG
190,?,002012,CGCGAT
191,?,002013,CGCGAGG
192,?,002020,CGCGCG
193,?,002021,CGCGCT
194,?,002022,CGCGCA
195,?,002023,CGCGCTT
196,?,002030,CGCGCCG
197,?,002031,CGCGCCT
198,?,002032,CGCGCCA
199,?,002033,CGCGCCTT
200,?,0020000,CGCGTAC
201,?,0020001,CGCGTAG
202,?,0020002,CGCGTAT
203,?,0020003,CGCGTAGG
204,?,0020010,CGCGTCG
205,?,0020011,CGCGTCT
206,?,0020012,CGCGTCA
207,?,0020013,CGCGTCTT
208,?,0020020,CGCGTGT
209,?,0020021,CGCGTGA
210,?,0020022,CGCGTGC
211,?,0020023,CGCGTGCC
212,?,0020030,CGCGTCGT
213,?,0020031,CGCGTCGA
214,?,0020032,CGCGTCGC
215,?,0020033,CGCGTCGCC
216,?,00310,CGCCTA
217,?,00311,CGCCTC
218,?,00312,CGCCTG
219,?,00313,CGCCTCG
220,?,00320,CGCCAC
221,?,00321,CGCCAG
222,?,00322,CGCCAT
223,?,00323,CGCCAGG
224,?,00330,CGCCTTA
225,ß,00331,CGCCTTC
226,?,00332,CGCCTTG
227,?,00333,CGCCTTCG
228,?,003010,CGCCGAC
229,?,003011,CGCCGAG
230,µ,003012,CGCCGAT
231,?,003013,CGCCGAGG
232,?,003020,CGCCGCG
233,?,003021,CGCCGCT
234,?,003022,CGCCGCA
235,?,003023,CGCCGCTT
236,?,003030,CGCCGCCG
237,?,003031,CGCCGCCT
238,?,003032,CGCCGCCA
239,?,003033,CGCCGCCTT
240,?,0030000,CGCCGTAC
241,±,0030001,CGCCGTAG
242,?,0030002,CGCCGTAT
243,?,0030003,CGCCGTAGG
244,?,0030010,CGCCGTCG
245,?,0030011,CGCCGTCT
246,÷,0030012,CGCCGTCA
247,?,0030013,CGCCGTCTT
248,°,0030020,CGCCGTGT
249,?,0030021,CGCCGTGA
250,·,0030022,CGCCGTGC
251,?,0030023,CGCCGTGCC
252,?,0030030,CGCCGTCGT
253,²,0030031,CGCCGTCGA
254,?,0030032,CGCCGTCGC
255,,0030033,CGCCGTCGCC
